{"frames":{"Invader 3_animated_blinking0.png":{"frame":{"x":0,"y":0,"w":182,"h":132},"rotated":false,"trimmed":false,"spriteSourceSize":{"x":0,"y":0,"w":182,"h":132},"sourceSize":{"w":182,"h":132}},"Invader 3_animated_blinking1.png":{"frame":{"x":182,"y":0,"w":182,"h":132},"rotated":false,"trimmed":false,"spriteSourceSize":{"x":0,"y":0,"w":182,"h":132},"sourceSize":{"w":182,"h":132}},"Invader 3_animated_blinking2.png":{"frame":{"x":364,"y":0,"w":182,"h":132},"rotated":false,"trimmed":false,"spriteSourceSize":{"x":0,"y":0,"w":182,"h":132},"sourceSize":{"w":182,"h":132}},"Invader 3_animated_blinking3.png":{"frame":{"x":0,"y":132,"w":182,"h":132},"rotated":false,"trimmed":false,"spriteSourceSize":{"x":0,"y":0,"w":182,"h":132},"sourceSize":{"w":182,"h":132}},"Invader 3_animated_blinking4.png":{"frame":{"x":182,"y":132,"w":182,"h":132},"rotated":false,"trimmed":false,"spriteSourceSize":{"x":0,"y":0,"w":182,"h":132},"sourceSize":{"w":182,"h":132}},"Invader 3_animated_blinking5.png":{"frame":{"x":364,"y":132,"w":182,"h":132},"rotated":false,"trimmed":false,"spriteSourceSize":{"x":0,"y":0,"w":182,"h":132},"sourceSize":{"w":182,"h":132}},"Invader 3_animated_blinking6.png":{"frame":{"x":0,"y":264,"w":182,"h":132},"rotated":false,"trimmed":false,"spriteSourceSize":{"x":0,"y":0,"w":182,"h":132},"sourceSize":{"w":182,"h":132}},"Invader 3_animated_blinking7.png":{"frame":{"x":182,"y":264,"w":182,"h":132},"rotated":false,"trimmed":false,"spriteSourceSize":{"x":0,"y":0,"w":182,"h":132},"sourceSize":{"w":182,"h":132}},"Invader 3_animated_blinking8.png":{"frame":{"x":364,"y":264,"w":182,"h":132},"rotated":false,"trimmed":false,"spriteSourceSize":{"x":0,"y":0,"w":182,"h":132},"sourceSize":{"w":182,"h":132}},"Invader 3_animated_blinking9.png":{"frame":{"x":0,"y":396,"w":182,"h":132},"rotated":false,"trimmed":false,"spriteSourceSize":{"x":0,"y":0,"w":182,"h":132},"sourceSize":{"w":182,"h":132}},"Invader 3_animated_blinking10.png":{"frame":{"x":182,"y":396,"w":182,"h":132},"rotated":false,"trimmed":false,"spriteSourceSize":{"x":0,"y":0,"w":182,"h":132},"sourceSize":{"w":182,"h":132}},"Invader 3_animated_blinking11.png":{"frame":{"x":364,"y":396,"w":182,"h":132},"rotated":false,"trimmed":false,"spriteSourceSize":{"x":0,"y":0,"w":182,"h":132},"sourceSize":{"w":182,"h":132}},"Invader 3_animated_blinking12.png":{"frame":{"x":0,"y":528,"w":182,"h":132},"rotated":false,"trimmed":false,"spriteSourceSize":{"x":0,"y":0,"w":182,"h":132},"sourceSize":{"w":182,"h":132}},"Invader 3_animated_blinking13.png":{"frame":{"x":182,"y":528,"w":182,"h":132},"rotated":false,"trimmed":false,"spriteSourceSize":{"x":0,"y":0,"w":182,"h":132},"sourceSize":{"w":182,"h":132}},"Invader 3_animated_blinking14.png":{"frame":{"x":364,"y":528,"w":182,"h":132},"rotated":false,"trimmed":false,"spriteSourceSize":{"x":0,"y":0,"w":182,"h":132},"sourceSize":{"w":182,"h":132}},"Invader 3_animated_blinking15.png":{"frame":{"x":0,"y":660,"w":182,"h":132},"rotated":false,"trimmed":false,"spriteSourceSize":{"x":0,"y":0,"w":182,"h":132},"sourceSize":{"w":182,"h":132}}},"meta":{"app":"https://github.com/piskelapp/piskel/","version":"1.0","image":"Invader 3_animated_blinking.png","format":"RGBA8888","size":{"w":546,"h":792}}}